<?xml version="1.0" encoding="UTF-8"?>
<root>
	<project_name>Unique_Missing_Overlap</project_name>
	<date>4461694-02-26T19:02:24</date>
	<!-- WARNING: The sample names below may have been changed to fit SPART specification (only alphanumeric characters and _ ) -->
	<!-- Generated by ABGD with Distance JC69 Jukes-Cantor and relative gap width 1.500000-->
	<individuals>
		<individual id="Y54"  />
		<individual id="BY6"  />
		<individual id="Y119____"  />
		<individual id="YK234__"  />
		<individual id="YK37"  />
		<individual id="Y114__"  />
		<individual id="YK129____"  />
		<individual id="YSK27"  />
		<individual id="Y50____"  />
		<individual id="CRT644"  />
		<individual id="YK111__"  />
		<individual id="YK50__"  />
		<individual id="YK101"  />
		<individual id="Y122__"  />
		<individual id="YK23"  />
		<individual id="YK33____"  />
		<individual id="EBO50"  />
		<individual id="EBO314"  />
		<individual id="EBO245"  />
		<individual id="TLL154__"  />
		<individual id="YSK37"  />
		<individual id="YK100"  />
		<individual id="EBO287"  />
		<individual id="YKX41"  />
		<individual id="YKX40__"  />
		<individual id="YK65"  />
		<individual id="TLL59__"  />
		<individual id="TLL58"  />
		<individual id="EBO472"  />
		<individual id="LIK926"  />
		<individual id="EPL29"  />
		<individual id="UAC922__"  />
		<individual id="UAC933"  />
		<individual id="CRT282__"  />
		<individual id="EPL18____"  />
		<individual id="CRT57"  />
		<individual id="BDA313"  />
		<individual id="EPL14____"  />
		<individual id="UAC5122____"  />
		<individual id="BDA112"  />
		<individual id="BDA152__"  />
		<individual id="AKT106"  />
		<individual id="AKT107____"  />
		<individual id="UMA387"  />
		<individual id="UMA385___"  />
		<individual id="UMA18"  />
		<individual id="UMA25"  />
		<individual id="UAC930__"  />
		<individual id="BDA80__"  />
		<individual id="AKT236____"  />
		<individual id="Kik1454"  />
		<individual id="Kik675"  />
		<individual id="Kik1199____"  />
		<individual id="UMA440"  />
		<individual id="UMA439"  />
		<individual id="UMA40"  />
		<individual id="UMA30"  />
		<individual id="EPL20"  />
		<individual id="NDU803"  />
		<individual id="UMA511"  />
		<individual id="YK109_____"  />
		<individual id="Y74"  />
		<individual id="YK228"  />
		<individual id="YK213"  />
		<individual id="YK229__"  />
		<individual id="YK148"  />
		<individual id="Y21"  />
		<individual id="YK215__"  />
		<individual id="YK195"  />
		<individual id="YK247__"  />
		<individual id="BY5_____"  />
		<individual id="YK192_____"  />
		<individual id="YK196__"  />
		<individual id="YK208__"  />
		<individual id="YK152"  />
		<individual id="MF577066"  />
		<individual id="YK120__"  />
		<individual id="YK110_____"  />
		<individual id="Y9__"  />
		<individual id="YK127__"  />
		<individual id="YK231__"  />
		<individual id="YK225__"  />
		<individual id="EBO87"  />
		<individual id="YK125"  />
		<individual id="YK171"  />
	</individuals>

	<spartitions>
		<spartition label="Unique_Missing_Overlap_abgd_1"    subsetScoreSource= "ABGD-4461694-02-26T19:02:24"  >
		<remarks>Spartition with prior: 0.001000</remarks>
		<subsets>
			<subset label="1" 
>				<individual ref="Y54" />
				<individual ref="BY6" />
				<individual ref="Y119____" />
				<individual ref="YK234__" />
				<individual ref="YK37" />
				<individual ref="Y114__" />
				<individual ref="YK129____" />
				<individual ref="YSK27" />
				<individual ref="Y50____" />
				<individual ref="CRT644" />
				<individual ref="YK111__" />
				<individual ref="YK50__" />
			</subset>
			<subset label="2" 
>				<individual ref="LIK926" />
				<individual ref="EPL29" />
				<individual ref="UAC922__" />
				<individual ref="UAC933" />
				<individual ref="CRT282__" />
				<individual ref="EPL18____" />
				<individual ref="CRT57" />
				<individual ref="BDA313" />
				<individual ref="EPL14____" />
				<individual ref="UAC5122____" />
				<individual ref="BDA112" />
				<individual ref="BDA152__" />
				<individual ref="AKT106" />
				<individual ref="AKT107____" />
				<individual ref="UMA387" />
				<individual ref="UMA385___" />
				<individual ref="UMA18" />
				<individual ref="UMA25" />
				<individual ref="UAC930__" />
				<individual ref="BDA80__" />
				<individual ref="AKT236____" />
			</subset>
			<subset label="3" 
>				<individual ref="Kik1454" />
				<individual ref="Kik675" />
				<individual ref="Kik1199____" />
			</subset>
			<subset label="4" 
>				<individual ref="UMA440" />
				<individual ref="UMA439" />
				<individual ref="UMA40" />
			</subset>
			<subset label="5" 
>				<individual ref="YK109_____" />
				<individual ref="Y74" />
				<individual ref="YK228" />
				<individual ref="YK213" />
				<individual ref="YK229__" />
				<individual ref="YK148" />
				<individual ref="Y21" />
				<individual ref="YK215__" />
				<individual ref="YK195" />
				<individual ref="YK247__" />
				<individual ref="BY5_____" />
				<individual ref="YK192_____" />
				<individual ref="YK196__" />
				<individual ref="YK208__" />
				<individual ref="YK152" />
			</subset>
			<subset label="6" 
>				<individual ref="MF577066" />
			</subset>
			<subset label="7" 
>				<individual ref="YK120__" />
				<individual ref="YK127__" />
				<individual ref="YK225__" />
			</subset>
			<subset label="8" 
>				<individual ref="EBO87" />
				<individual ref="YK125" />
			</subset>
			<subset label="9" 
>				<individual ref="YK171" />
			</subset>
			<subset label="10" 
>				<individual ref="YK101" />
			</subset>
			<subset label="11" 
>				<individual ref="Y122__" />
			</subset>
			<subset label="12" 
>				<individual ref="YK23" />
				<individual ref="YK33____" />
			</subset>
			<subset label="13" 
>				<individual ref="EBO50" />
			</subset>
			<subset label="14" 
>				<individual ref="EBO314" />
			</subset>
			<subset label="15" 
>				<individual ref="EBO245" />
			</subset>
			<subset label="16" 
>				<individual ref="TLL154__" />
			</subset>
			<subset label="17" 
>				<individual ref="YSK37" />
			</subset>
			<subset label="18" 
>				<individual ref="YK100" />
			</subset>
			<subset label="19" 
>				<individual ref="EBO287" />
			</subset>
			<subset label="20" 
>				<individual ref="YKX41" />
				<individual ref="YKX40__" />
			</subset>
			<subset label="21" 
>				<individual ref="YK65" />
			</subset>
			<subset label="22" 
>				<individual ref="TLL59__" />
				<individual ref="TLL58" />
			</subset>
			<subset label="23" 
>				<individual ref="EBO472" />
			</subset>
			<subset label="24" 
>				<individual ref="UMA30" />
				<individual ref="UMA511" />
			</subset>
			<subset label="25" 
>				<individual ref="EPL20" />
			</subset>
			<subset label="26" 
>				<individual ref="NDU803" />
			</subset>
			<subset label="27" 
>				<individual ref="YK110_____" />
				<individual ref="Y9__" />
				<individual ref="YK231__" />
			</subset>
		</subsets>
		</spartition>
		<spartition label="Unique_Missing_Overlap_abgd_2"    subsetScoreSource= "ABGD-4461694-02-26T19:02:24"  >
		<remarks>Spartition with prior: 0.001668</remarks>
		<subsets>
			<subset label="1" 
>				<individual ref="Y54" />
				<individual ref="BY6" />
				<individual ref="Y119____" />
				<individual ref="YK234__" />
				<individual ref="YK37" />
				<individual ref="Y114__" />
				<individual ref="YK129____" />
				<individual ref="YSK27" />
				<individual ref="Y50____" />
				<individual ref="CRT644" />
				<individual ref="YK111__" />
				<individual ref="YK50__" />
			</subset>
			<subset label="2" 
>				<individual ref="LIK926" />
				<individual ref="EPL29" />
				<individual ref="UAC922__" />
				<individual ref="UAC933" />
				<individual ref="CRT282__" />
				<individual ref="EPL18____" />
				<individual ref="CRT57" />
				<individual ref="BDA313" />
				<individual ref="EPL14____" />
				<individual ref="UAC5122____" />
				<individual ref="BDA112" />
				<individual ref="BDA152__" />
				<individual ref="AKT106" />
				<individual ref="AKT107____" />
				<individual ref="UMA387" />
				<individual ref="UMA385___" />
				<individual ref="UMA18" />
				<individual ref="UMA25" />
				<individual ref="UAC930__" />
				<individual ref="BDA80__" />
				<individual ref="AKT236____" />
			</subset>
			<subset label="3" 
>				<individual ref="Kik1454" />
				<individual ref="Kik675" />
				<individual ref="Kik1199____" />
			</subset>
			<subset label="4" 
>				<individual ref="UMA440" />
				<individual ref="UMA439" />
				<individual ref="UMA40" />
			</subset>
			<subset label="5" 
>				<individual ref="YK109_____" />
				<individual ref="Y74" />
				<individual ref="YK228" />
				<individual ref="YK213" />
				<individual ref="YK229__" />
				<individual ref="YK148" />
				<individual ref="Y21" />
				<individual ref="YK215__" />
				<individual ref="YK195" />
				<individual ref="YK247__" />
				<individual ref="BY5_____" />
				<individual ref="YK192_____" />
				<individual ref="YK196__" />
				<individual ref="YK208__" />
				<individual ref="YK152" />
			</subset>
			<subset label="6" 
>				<individual ref="MF577066" />
			</subset>
			<subset label="7" 
>				<individual ref="YK120__" />
				<individual ref="YK127__" />
				<individual ref="YK225__" />
			</subset>
			<subset label="8" 
>				<individual ref="EBO87" />
				<individual ref="YK125" />
			</subset>
			<subset label="9" 
>				<individual ref="YK171" />
			</subset>
			<subset label="10" 
>				<individual ref="YK101" />
			</subset>
			<subset label="11" 
>				<individual ref="Y122__" />
			</subset>
			<subset label="12" 
>				<individual ref="YK23" />
				<individual ref="YK33____" />
			</subset>
			<subset label="13" 
>				<individual ref="EBO50" />
			</subset>
			<subset label="14" 
>				<individual ref="EBO314" />
			</subset>
			<subset label="15" 
>				<individual ref="EBO245" />
			</subset>
			<subset label="16" 
>				<individual ref="TLL154__" />
			</subset>
			<subset label="17" 
>				<individual ref="YSK37" />
			</subset>
			<subset label="18" 
>				<individual ref="YK100" />
			</subset>
			<subset label="19" 
>				<individual ref="EBO287" />
			</subset>
			<subset label="20" 
>				<individual ref="YKX41" />
				<individual ref="YKX40__" />
			</subset>
			<subset label="21" 
>				<individual ref="YK65" />
			</subset>
			<subset label="22" 
>				<individual ref="TLL59__" />
				<individual ref="TLL58" />
			</subset>
			<subset label="23" 
>				<individual ref="EBO472" />
			</subset>
			<subset label="24" 
>				<individual ref="UMA30" />
				<individual ref="UMA511" />
			</subset>
			<subset label="25" 
>				<individual ref="EPL20" />
			</subset>
			<subset label="26" 
>				<individual ref="NDU803" />
			</subset>
			<subset label="27" 
>				<individual ref="YK110_____" />
				<individual ref="Y9__" />
				<individual ref="YK231__" />
			</subset>
		</subsets>
		</spartition>
		<spartition label="Unique_Missing_Overlap_abgd_3"    subsetScoreSource= "ABGD-4461694-02-26T19:02:24"  >
		<remarks>Spartition with prior: 0.002783</remarks>
		<subsets>
			<subset label="1" 
>				<individual ref="Y54" />
				<individual ref="BY6" />
				<individual ref="Y119____" />
				<individual ref="YK234__" />
				<individual ref="YK37" />
				<individual ref="Y114__" />
				<individual ref="YK129____" />
				<individual ref="YSK27" />
				<individual ref="Y50____" />
			</subset>
			<subset label="2" 
>				<individual ref="LIK926" />
				<individual ref="EPL29" />
				<individual ref="UAC922__" />
				<individual ref="UAC933" />
				<individual ref="CRT282__" />
				<individual ref="EPL18____" />
				<individual ref="CRT57" />
				<individual ref="BDA313" />
				<individual ref="EPL14____" />
			</subset>
			<subset label="3" 
>				<individual ref="Kik1454" />
				<individual ref="Kik675" />
				<individual ref="Kik1199____" />
			</subset>
			<subset label="4" 
>				<individual ref="UMA440" />
				<individual ref="UMA439" />
				<individual ref="UMA40" />
				<individual ref="UMA30" />
				<individual ref="EPL20" />
				<individual ref="NDU803" />
				<individual ref="UMA511" />
			</subset>
			<subset label="5" 
>				<individual ref="YK109_____" />
				<individual ref="Y74" />
				<individual ref="YK228" />
				<individual ref="YK213" />
				<individual ref="YK229__" />
				<individual ref="YK148" />
				<individual ref="Y21" />
				<individual ref="YK215__" />
				<individual ref="YK195" />
			</subset>
			<subset label="6" 
>				<individual ref="MF577066" />
			</subset>
			<subset label="7" 
>				<individual ref="YK120__" />
				<individual ref="YK110_____" />
				<individual ref="Y9__" />
				<individual ref="YK127__" />
				<individual ref="YK231__" />
				<individual ref="YK225__" />
			</subset>
			<subset label="8" 
>				<individual ref="EBO87" />
				<individual ref="YK125" />
			</subset>
			<subset label="9" 
>				<individual ref="YK171" />
			</subset>
		</subsets>
		</spartition>
		<spartition label="Unique_Missing_Overlap_abgd_4"    subsetScoreSource= "ABGD-4461694-02-26T19:02:24"  >
		<remarks>Spartition with prior: 0.004642</remarks>
		<subsets>
			<subset label="1" 
>				<individual ref="Y54" />
				<individual ref="BY6" />
				<individual ref="Y119____" />
				<individual ref="YK234__" />
				<individual ref="YK37" />
				<individual ref="Y114__" />
				<individual ref="YK129____" />
				<individual ref="YSK27" />
				<individual ref="Y50____" />
			</subset>
			<subset label="2" 
>				<individual ref="LIK926" />
				<individual ref="EPL29" />
				<individual ref="UAC922__" />
				<individual ref="UAC933" />
				<individual ref="CRT282__" />
				<individual ref="EPL18____" />
				<individual ref="CRT57" />
				<individual ref="BDA313" />
				<individual ref="EPL14____" />
			</subset>
			<subset label="3" 
>				<individual ref="Kik1454" />
				<individual ref="Kik675" />
				<individual ref="Kik1199____" />
			</subset>
			<subset label="4" 
>				<individual ref="UMA440" />
				<individual ref="UMA439" />
				<individual ref="UMA40" />
				<individual ref="UMA30" />
				<individual ref="EPL20" />
				<individual ref="NDU803" />
				<individual ref="UMA511" />
			</subset>
			<subset label="5" 
>				<individual ref="YK109_____" />
				<individual ref="Y74" />
				<individual ref="YK228" />
				<individual ref="YK213" />
				<individual ref="YK229__" />
				<individual ref="YK148" />
				<individual ref="Y21" />
				<individual ref="YK215__" />
				<individual ref="YK195" />
			</subset>
			<subset label="6" 
>				<individual ref="MF577066" />
			</subset>
			<subset label="7" 
>				<individual ref="YK120__" />
				<individual ref="YK110_____" />
				<individual ref="Y9__" />
				<individual ref="YK127__" />
				<individual ref="YK231__" />
				<individual ref="YK225__" />
			</subset>
			<subset label="8" 
>				<individual ref="EBO87" />
				<individual ref="YK125" />
			</subset>
			<subset label="9" 
>				<individual ref="YK171" />
			</subset>
		</subsets>
		</spartition>
		<spartition label="Unique_Missing_Overlap_abgd_5"    subsetScoreSource= "ABGD-4461694-02-26T19:02:24"  >
		<remarks>Spartition with prior: 0.007743</remarks>
		<subsets>
			<subset label="1" 
>				<individual ref="Y54" />
				<individual ref="BY6" />
				<individual ref="Y119____" />
				<individual ref="YK234__" />
				<individual ref="YK37" />
				<individual ref="Y114__" />
				<individual ref="YK129____" />
				<individual ref="YSK27" />
				<individual ref="Y50____" />
			</subset>
			<subset label="2" 
>				<individual ref="LIK926" />
				<individual ref="EPL29" />
				<individual ref="UAC922__" />
				<individual ref="UAC933" />
				<individual ref="CRT282__" />
				<individual ref="EPL18____" />
				<individual ref="CRT57" />
				<individual ref="BDA313" />
				<individual ref="EPL14____" />
			</subset>
			<subset label="3" 
>				<individual ref="Kik1454" />
				<individual ref="Kik675" />
				<individual ref="Kik1199____" />
			</subset>
			<subset label="4" 
>				<individual ref="UMA440" />
				<individual ref="UMA439" />
				<individual ref="UMA40" />
				<individual ref="UMA30" />
				<individual ref="EPL20" />
				<individual ref="NDU803" />
				<individual ref="UMA511" />
			</subset>
			<subset label="5" 
>				<individual ref="YK109_____" />
				<individual ref="Y74" />
				<individual ref="YK228" />
				<individual ref="YK213" />
				<individual ref="YK229__" />
				<individual ref="YK148" />
				<individual ref="Y21" />
				<individual ref="YK215__" />
				<individual ref="YK195" />
			</subset>
			<subset label="6" 
>				<individual ref="MF577066" />
			</subset>
			<subset label="7" 
>				<individual ref="YK120__" />
				<individual ref="YK110_____" />
				<individual ref="Y9__" />
				<individual ref="YK127__" />
				<individual ref="YK231__" />
				<individual ref="YK225__" />
			</subset>
			<subset label="8" 
>				<individual ref="EBO87" />
				<individual ref="YK125" />
			</subset>
			<subset label="9" 
>				<individual ref="YK171" />
			</subset>
		</subsets>
		</spartition>
		<spartition label="Unique_Missing_Overlap_abgd_6"    subsetScoreSource= "ABGD-4461694-02-26T19:02:24"  >
		<remarks>Spartition with prior: 0.012915</remarks>
		<subsets>
			<subset label="1" 
>				<individual ref="Y54" />
				<individual ref="BY6" />
				<individual ref="Y119____" />
				<individual ref="YK234__" />
				<individual ref="YK37" />
				<individual ref="Y114__" />
				<individual ref="YK129____" />
				<individual ref="YSK27" />
				<individual ref="Y50____" />
			</subset>
			<subset label="2" 
>				<individual ref="LIK926" />
				<individual ref="EPL29" />
				<individual ref="UAC922__" />
				<individual ref="UAC933" />
				<individual ref="CRT282__" />
				<individual ref="EPL18____" />
				<individual ref="CRT57" />
				<individual ref="BDA313" />
				<individual ref="EPL14____" />
			</subset>
			<subset label="3" 
>				<individual ref="Kik1454" />
				<individual ref="Kik675" />
				<individual ref="Kik1199____" />
			</subset>
			<subset label="4" 
>				<individual ref="UMA440" />
				<individual ref="UMA439" />
				<individual ref="UMA40" />
				<individual ref="UMA30" />
				<individual ref="EPL20" />
				<individual ref="NDU803" />
				<individual ref="UMA511" />
			</subset>
			<subset label="5" 
>				<individual ref="YK109_____" />
				<individual ref="Y74" />
				<individual ref="YK228" />
				<individual ref="YK213" />
				<individual ref="YK229__" />
				<individual ref="YK148" />
				<individual ref="Y21" />
				<individual ref="YK215__" />
				<individual ref="YK195" />
			</subset>
			<subset label="6" 
>				<individual ref="MF577066" />
			</subset>
			<subset label="7" 
>				<individual ref="YK120__" />
				<individual ref="YK110_____" />
				<individual ref="Y9__" />
				<individual ref="YK127__" />
				<individual ref="YK231__" />
				<individual ref="YK225__" />
			</subset>
			<subset label="8" 
>				<individual ref="EBO87" />
				<individual ref="YK125" />
			</subset>
			<subset label="9" 
>				<individual ref="YK171" />
			</subset>
		</subsets>
		</spartition>
		<spartition label="Unique_Missing_Overlap_abgd_7"    subsetScoreSource= "ABGD-4461694-02-26T19:02:24"  >
		<remarks>Spartition with prior: 0.021544</remarks>
		<subsets>
			<subset label="1" 
>				<individual ref="Y54" />
				<individual ref="BY6" />
				<individual ref="Y119____" />
				<individual ref="YK234__" />
				<individual ref="YK37" />
				<individual ref="Y114__" />
				<individual ref="YK129____" />
				<individual ref="YSK27" />
				<individual ref="Y50____" />
			</subset>
			<subset label="2" 
>				<individual ref="LIK926" />
				<individual ref="EPL29" />
				<individual ref="UAC922__" />
				<individual ref="UAC933" />
				<individual ref="CRT282__" />
				<individual ref="EPL18____" />
				<individual ref="CRT57" />
				<individual ref="BDA313" />
				<individual ref="EPL14____" />
			</subset>
			<subset label="3" 
>				<individual ref="Kik1454" />
				<individual ref="Kik675" />
				<individual ref="Kik1199____" />
			</subset>
			<subset label="4" 
>				<individual ref="UMA440" />
				<individual ref="UMA439" />
				<individual ref="UMA40" />
				<individual ref="UMA30" />
				<individual ref="EPL20" />
				<individual ref="NDU803" />
				<individual ref="UMA511" />
			</subset>
			<subset label="5" 
>				<individual ref="YK109_____" />
				<individual ref="Y74" />
				<individual ref="YK228" />
				<individual ref="YK213" />
				<individual ref="YK229__" />
				<individual ref="YK148" />
				<individual ref="Y21" />
				<individual ref="YK215__" />
				<individual ref="YK195" />
			</subset>
			<subset label="6" 
>				<individual ref="MF577066" />
			</subset>
			<subset label="7" 
>				<individual ref="YK120__" />
				<individual ref="YK110_____" />
				<individual ref="Y9__" />
				<individual ref="YK127__" />
				<individual ref="YK231__" />
				<individual ref="YK225__" />
			</subset>
			<subset label="8" 
>				<individual ref="EBO87" />
				<individual ref="YK125" />
			</subset>
			<subset label="9" 
>				<individual ref="YK171" />
			</subset>
		</subsets>
		</spartition>
		<spartition label="Unique_Missing_Overlap_abgd_8"    subsetScoreSource= "ABGD-4461694-02-26T19:02:24"  >
		<remarks>Spartition with prior: 0.035938</remarks>
		<subsets>
			<subset label="1" 
>				<individual ref="Y54" />
				<individual ref="BY6" />
				<individual ref="Y119____" />
				<individual ref="YK234__" />
				<individual ref="YK37" />
				<individual ref="Y114__" />
				<individual ref="YK129____" />
				<individual ref="YSK27" />
				<individual ref="Y50____" />
			</subset>
			<subset label="2" 
>				<individual ref="LIK926" />
				<individual ref="EPL29" />
				<individual ref="UAC922__" />
				<individual ref="UAC933" />
				<individual ref="CRT282__" />
				<individual ref="EPL18____" />
				<individual ref="CRT57" />
				<individual ref="BDA313" />
				<individual ref="EPL14____" />
			</subset>
			<subset label="3" 
>				<individual ref="Kik1454" />
				<individual ref="Kik675" />
				<individual ref="Kik1199____" />
			</subset>
			<subset label="4" 
>				<individual ref="UMA440" />
				<individual ref="UMA439" />
				<individual ref="UMA40" />
				<individual ref="UMA30" />
				<individual ref="EPL20" />
				<individual ref="NDU803" />
				<individual ref="UMA511" />
			</subset>
			<subset label="5" 
>				<individual ref="YK109_____" />
				<individual ref="Y74" />
				<individual ref="YK228" />
				<individual ref="YK213" />
				<individual ref="YK229__" />
				<individual ref="YK148" />
				<individual ref="Y21" />
				<individual ref="YK215__" />
				<individual ref="YK195" />
			</subset>
			<subset label="6" 
>				<individual ref="MF577066" />
			</subset>
			<subset label="7" 
>				<individual ref="YK120__" />
				<individual ref="YK110_____" />
				<individual ref="Y9__" />
				<individual ref="YK127__" />
				<individual ref="YK231__" />
				<individual ref="YK225__" />
			</subset>
			<subset label="8" 
>				<individual ref="EBO87" />
				<individual ref="YK125" />
			</subset>
			<subset label="9" 
>				<individual ref="YK171" />
			</subset>
		</subsets>
		</spartition>
		<spartition label="Unique_Missing_Overlap_abgd_9"    subsetScoreSource= "ABGD-4461694-02-26T19:02:24"  >
		<remarks>Spartition with prior: 0.059948</remarks>
		<subsets>
			<subset label="1" 
>				<individual ref="Y54" />
				<individual ref="BY6" />
				<individual ref="Y119____" />
				<individual ref="YK234__" />
				<individual ref="YK37" />
				<individual ref="Y114__" />
				<individual ref="YK129____" />
			</subset>
			<subset label="2" 
>				<individual ref="UMA440" />
				<individual ref="UMA439" />
				<individual ref="UMA40" />
				<individual ref="UMA30" />
				<individual ref="EPL20" />
				<individual ref="NDU803" />
				<individual ref="UMA511" />
			</subset>
			<subset label="3" 
>				<individual ref="YK109_____" />
				<individual ref="Y74" />
				<individual ref="YK228" />
				<individual ref="YK213" />
				<individual ref="YK229__" />
				<individual ref="YK148" />
				<individual ref="Y21" />
			</subset>
			<subset label="4" 
>				<individual ref="EBO87" />
				<individual ref="YK125" />
			</subset>
			<subset label="5" 
>				<individual ref="YK171" />
			</subset>
			<subset label="6" 
>				<individual ref="MF577066" />
			</subset>
			<subset label="7" 
>				<individual ref="YK120__" />
				<individual ref="YK110_____" />
				<individual ref="Y9__" />
				<individual ref="YK127__" />
				<individual ref="YK231__" />
				<individual ref="YK225__" />
			</subset>
		</subsets>
		</spartition>
	</spartitions>
</root>
