<?xml version="1.0" encoding="UTF-8"?>
<root>
	<project_name>Unique_Missing_Overlap.fas</project_name>
	<date>2025-11-26T20:49:13</date>
	<!-- WARNING: The sample names below may have been changed to fit SPART specification (only alphanumeric characters and _ ) -->
	<!-- Generated by ASAP with Distance JC69_Jukes-Cantor -->
	<individuals>
		<individual id="Y54"  />
		<individual id="BY6"  />
		<individual id="Y119____"  />
		<individual id="YK234__"  />
		<individual id="YK37"  />
		<individual id="Y114__"  />
		<individual id="YK129____"  />
		<individual id="YSK27"  />
		<individual id="Y50____"  />
		<individual id="YK50__"  />
		<individual id="CRT644"  />
		<individual id="YK111__"  />
		<individual id="YKX41"  />
		<individual id="YKX40__"  />
		<individual id="YK101"  />
		<individual id="Y122__"  />
		<individual id="YK23"  />
		<individual id="YK33____"  />
		<individual id="EBO314"  />
		<individual id="TLL59__"  />
		<individual id="TLL58"  />
		<individual id="YSK37"  />
		<individual id="YK100"  />
		<individual id="EBO50"  />
		<individual id="EBO245"  />
		<individual id="EBO472"  />
		<individual id="TLL154__"  />
		<individual id="EBO287"  />
		<individual id="YK65"  />
		<individual id="LIK926"  />
		<individual id="EPL29"  />
		<individual id="UAC922__"  />
		<individual id="UAC933"  />
		<individual id="CRT282__"  />
		<individual id="EPL18____"  />
		<individual id="CRT57"  />
		<individual id="BDA313"  />
		<individual id="EPL14____"  />
		<individual id="UAC5122____"  />
		<individual id="AKT106"  />
		<individual id="UMA25"  />
		<individual id="BDA112"  />
		<individual id="BDA152__"  />
		<individual id="AKT236____"  />
		<individual id="UMA387"  />
		<individual id="UMA385___"  />
		<individual id="UMA18"  />
		<individual id="AKT107____"  />
		<individual id="UAC930__"  />
		<individual id="BDA80__"  />
		<individual id="Kik1454"  />
		<individual id="Kik675"  />
		<individual id="Kik1199____"  />
		<individual id="UMA440"  />
		<individual id="UMA439"  />
		<individual id="UMA40"  />
		<individual id="UMA30"  />
		<individual id="UMA511"  />
		<individual id="EPL20"  />
		<individual id="NDU803"  />
		<individual id="YK109_____"  />
		<individual id="Y74"  />
		<individual id="YK228"  />
		<individual id="YK213"  />
		<individual id="YK229__"  />
		<individual id="Y21"  />
		<individual id="YK215__"  />
		<individual id="YK247__"  />
		<individual id="YK148"  />
		<individual id="YK195"  />
		<individual id="YK196__"  />
		<individual id="YK208__"  />
		<individual id="YK152"  />
		<individual id="BY5_____"  />
		<individual id="YK192_____"  />
		<individual id="MF577066"  />
		<individual id="YK120__"  />
		<individual id="YK127__"  />
		<individual id="YK225__"  />
		<individual id="YK110_____"  />
		<individual id="Y9__"  />
		<individual id="YK231__"  />
		<individual id="EBO87"  />
		<individual id="YK125"  />
		<individual id="YK171"  />
	</individuals>

	<spartitions>
		<spartition label="Unique_Missing_Overlap.fas_asap_1"  spartitionScore="2.0" spartitionScoreType="Asap-score" subsetScoreType = "p-value"  subsetScoreSource= "ASAP-2025-11-26T20:49:13"  >
		<remarks>Rank of spartition: 1</remarks>
		<subsets>
			<subset label="1" score="8.80e-01" >
				<individual ref="Y54" />
				<individual ref="BY6" />
				<individual ref="Y119____" />
				<individual ref="YK234__" />
				<individual ref="YK37" />
				<individual ref="Y114__" />
				<individual ref="YK129____" />
				<individual ref="YSK27" />
				<individual ref="Y50____" />
				<individual ref="YK50__" />
				<individual ref="CRT644" />
				<individual ref="YK111__" />
				<individual ref="YKX41" />
				<individual ref="YKX40__" />
				<individual ref="YK101" />
				<individual ref="Y122__" />
				<individual ref="YK23" />
				<individual ref="YK33____" />
				<individual ref="EBO314" />
				<individual ref="TLL59__" />
				<individual ref="TLL58" />
				<individual ref="YSK37" />
				<individual ref="YK100" />
				<individual ref="EBO50" />
				<individual ref="EBO245" />
				<individual ref="EBO472" />
				<individual ref="TLL154__" />
				<individual ref="EBO287" />
				<individual ref="YK65" />
			</subset>
			<subset label="2" score="8.33e-01" >
				<individual ref="LIK926" />
				<individual ref="EPL29" />
				<individual ref="UAC922__" />
				<individual ref="UAC933" />
				<individual ref="CRT282__" />
				<individual ref="EPL18____" />
				<individual ref="CRT57" />
				<individual ref="BDA313" />
				<individual ref="EPL14____" />
				<individual ref="UAC5122____" />
				<individual ref="AKT106" />
				<individual ref="UMA25" />
				<individual ref="BDA112" />
				<individual ref="BDA152__" />
				<individual ref="AKT236____" />
				<individual ref="UMA387" />
				<individual ref="UMA385___" />
				<individual ref="UMA18" />
				<individual ref="AKT107____" />
				<individual ref="UAC930__" />
				<individual ref="BDA80__" />
			</subset>
			<subset label="3"  >
				<individual ref="Kik1454" />
				<individual ref="Kik675" />
				<individual ref="Kik1199____" />
			</subset>
			<subset label="4" score="6.33e-01" >
				<individual ref="UMA440" />
				<individual ref="UMA439" />
				<individual ref="UMA40" />
				<individual ref="UMA30" />
				<individual ref="UMA511" />
				<individual ref="EPL20" />
				<individual ref="NDU803" />
			</subset>
			<subset label="5" score="9.70e-01" >
				<individual ref="YK109_____" />
				<individual ref="Y74" />
				<individual ref="YK228" />
				<individual ref="YK213" />
				<individual ref="YK229__" />
				<individual ref="Y21" />
				<individual ref="YK215__" />
				<individual ref="YK247__" />
				<individual ref="YK148" />
				<individual ref="YK195" />
				<individual ref="YK196__" />
				<individual ref="YK208__" />
				<individual ref="YK152" />
				<individual ref="BY5_____" />
				<individual ref="YK192_____" />
			</subset>
			<subset label="6"  >
				<individual ref="MF577066" />
			</subset>
			<subset label="7" score="5.58e-01" >
				<individual ref="YK120__" />
				<individual ref="YK127__" />
				<individual ref="YK225__" />
				<individual ref="YK110_____" />
				<individual ref="Y9__" />
				<individual ref="YK231__" />
			</subset>
			<subset label="8"  >
				<individual ref="EBO87" />
				<individual ref="YK125" />
			</subset>
			<subset label="9"  >
				<individual ref="YK171" />
			</subset>
		</subsets>
		</spartition>
		<spartition label="Unique_Missing_Overlap.fas_asap_2"  spartitionScore="2.5" spartitionScoreType="Asap-score" subsetScoreType = "p-value"  subsetScoreSource= "ASAP-2025-11-26T20:49:13"  >
		<remarks>Rank of spartition: 2</remarks>
		<subsets>
			<subset label="1" score="8.63e-01" >
				<individual ref="Y54" />
				<individual ref="BY6" />
				<individual ref="Y119____" />
				<individual ref="YK234__" />
				<individual ref="YK37" />
				<individual ref="Y114__" />
				<individual ref="YK129____" />
				<individual ref="YSK27" />
				<individual ref="Y50____" />
				<individual ref="YK50__" />
				<individual ref="CRT644" />
				<individual ref="YK111__" />
				<individual ref="YKX41" />
				<individual ref="YKX40__" />
				<individual ref="YK101" />
				<individual ref="Y122__" />
				<individual ref="YK23" />
				<individual ref="YK33____" />
				<individual ref="EBO314" />
				<individual ref="TLL59__" />
				<individual ref="TLL58" />
				<individual ref="YSK37" />
				<individual ref="YK100" />
				<individual ref="EBO50" />
				<individual ref="EBO245" />
				<individual ref="EBO472" />
				<individual ref="TLL154__" />
				<individual ref="EBO287" />
				<individual ref="YK65" />
				<individual ref="LIK926" />
				<individual ref="EPL29" />
				<individual ref="UAC922__" />
				<individual ref="UAC933" />
				<individual ref="CRT282__" />
				<individual ref="EPL18____" />
				<individual ref="CRT57" />
				<individual ref="BDA313" />
				<individual ref="EPL14____" />
				<individual ref="UAC5122____" />
				<individual ref="AKT106" />
				<individual ref="UMA25" />
				<individual ref="BDA112" />
				<individual ref="BDA152__" />
				<individual ref="AKT236____" />
				<individual ref="UMA387" />
				<individual ref="UMA385___" />
				<individual ref="UMA18" />
				<individual ref="AKT107____" />
				<individual ref="UAC930__" />
				<individual ref="BDA80__" />
				<individual ref="Kik1454" />
				<individual ref="Kik675" />
				<individual ref="Kik1199____" />
			</subset>
			<subset label="2" score="6.33e-01" >
				<individual ref="UMA440" />
				<individual ref="UMA439" />
				<individual ref="UMA40" />
				<individual ref="UMA30" />
				<individual ref="UMA511" />
				<individual ref="EPL20" />
				<individual ref="NDU803" />
			</subset>
			<subset label="3" score="9.70e-01" >
				<individual ref="YK109_____" />
				<individual ref="Y74" />
				<individual ref="YK228" />
				<individual ref="YK213" />
				<individual ref="YK229__" />
				<individual ref="Y21" />
				<individual ref="YK215__" />
				<individual ref="YK247__" />
				<individual ref="YK148" />
				<individual ref="YK195" />
				<individual ref="YK196__" />
				<individual ref="YK208__" />
				<individual ref="YK152" />
				<individual ref="BY5_____" />
				<individual ref="YK192_____" />
			</subset>
			<subset label="4"  >
				<individual ref="MF577066" />
			</subset>
			<subset label="5" score="5.58e-01" >
				<individual ref="YK120__" />
				<individual ref="YK127__" />
				<individual ref="YK225__" />
				<individual ref="YK110_____" />
				<individual ref="Y9__" />
				<individual ref="YK231__" />
			</subset>
			<subset label="6"  >
				<individual ref="EBO87" />
				<individual ref="YK125" />
			</subset>
			<subset label="7"  >
				<individual ref="YK171" />
			</subset>
		</subsets>
		</spartition>
		<spartition label="Unique_Missing_Overlap.fas_asap_3"  spartitionScore="2.5" spartitionScoreType="Asap-score" subsetScoreType = "p-value"  subsetScoreSource= "ASAP-2025-11-26T20:49:13"  >
		<remarks>Rank of spartition: 3</remarks>
		<subsets>
			<subset label="1" score="8.63e-01" >
				<individual ref="Y54" />
				<individual ref="BY6" />
				<individual ref="Y119____" />
				<individual ref="YK234__" />
				<individual ref="YK37" />
				<individual ref="Y114__" />
				<individual ref="YK129____" />
				<individual ref="YSK27" />
				<individual ref="Y50____" />
				<individual ref="YK50__" />
				<individual ref="CRT644" />
				<individual ref="YK111__" />
				<individual ref="YKX41" />
				<individual ref="YKX40__" />
				<individual ref="YK101" />
				<individual ref="Y122__" />
				<individual ref="YK23" />
				<individual ref="YK33____" />
				<individual ref="EBO314" />
				<individual ref="TLL59__" />
				<individual ref="TLL58" />
				<individual ref="YSK37" />
				<individual ref="YK100" />
				<individual ref="EBO50" />
				<individual ref="EBO245" />
				<individual ref="EBO472" />
				<individual ref="TLL154__" />
				<individual ref="EBO287" />
				<individual ref="YK65" />
				<individual ref="LIK926" />
				<individual ref="EPL29" />
				<individual ref="UAC922__" />
				<individual ref="UAC933" />
				<individual ref="CRT282__" />
				<individual ref="EPL18____" />
				<individual ref="CRT57" />
				<individual ref="BDA313" />
				<individual ref="EPL14____" />
				<individual ref="UAC5122____" />
				<individual ref="AKT106" />
				<individual ref="UMA25" />
				<individual ref="BDA112" />
				<individual ref="BDA152__" />
				<individual ref="AKT236____" />
				<individual ref="UMA387" />
				<individual ref="UMA385___" />
				<individual ref="UMA18" />
				<individual ref="AKT107____" />
				<individual ref="UAC930__" />
				<individual ref="BDA80__" />
				<individual ref="Kik1454" />
				<individual ref="Kik675" />
				<individual ref="Kik1199____" />
			</subset>
			<subset label="2" score="6.33e-01" >
				<individual ref="UMA440" />
				<individual ref="UMA439" />
				<individual ref="UMA40" />
				<individual ref="UMA30" />
				<individual ref="UMA511" />
				<individual ref="EPL20" />
				<individual ref="NDU803" />
			</subset>
			<subset label="3" score="2.23e-01" >
				<individual ref="YK109_____" />
				<individual ref="Y74" />
				<individual ref="YK228" />
				<individual ref="YK213" />
				<individual ref="YK229__" />
				<individual ref="Y21" />
				<individual ref="YK215__" />
				<individual ref="YK247__" />
				<individual ref="YK148" />
				<individual ref="YK195" />
				<individual ref="YK196__" />
				<individual ref="YK208__" />
				<individual ref="YK152" />
				<individual ref="BY5_____" />
				<individual ref="YK192_____" />
				<individual ref="MF577066" />
				<individual ref="YK120__" />
				<individual ref="YK127__" />
				<individual ref="YK225__" />
				<individual ref="YK110_____" />
				<individual ref="Y9__" />
				<individual ref="YK231__" />
			</subset>
			<subset label="4"  >
				<individual ref="EBO87" />
				<individual ref="YK125" />
			</subset>
			<subset label="5"  >
				<individual ref="YK171" />
			</subset>
		</subsets>
		</spartition>
		<spartition label="Unique_Missing_Overlap.fas_asap_4"  spartitionScore="3.0" spartitionScoreType="Asap-score" subsetScoreType = "p-value"  subsetScoreSource= "ASAP-2025-11-26T20:49:13"  >
		<remarks>Rank of spartition: 4</remarks>
		<subsets>
			<subset label="1" score="8.63e-01" >
				<individual ref="Y54" />
				<individual ref="BY6" />
				<individual ref="Y119____" />
				<individual ref="YK234__" />
				<individual ref="YK37" />
				<individual ref="Y114__" />
				<individual ref="YK129____" />
				<individual ref="YSK27" />
				<individual ref="Y50____" />
				<individual ref="YK50__" />
				<individual ref="CRT644" />
				<individual ref="YK111__" />
				<individual ref="YKX41" />
				<individual ref="YKX40__" />
				<individual ref="YK101" />
				<individual ref="Y122__" />
				<individual ref="YK23" />
				<individual ref="YK33____" />
				<individual ref="EBO314" />
				<individual ref="TLL59__" />
				<individual ref="TLL58" />
				<individual ref="YSK37" />
				<individual ref="YK100" />
				<individual ref="EBO50" />
				<individual ref="EBO245" />
				<individual ref="EBO472" />
				<individual ref="TLL154__" />
				<individual ref="EBO287" />
				<individual ref="YK65" />
				<individual ref="LIK926" />
				<individual ref="EPL29" />
				<individual ref="UAC922__" />
				<individual ref="UAC933" />
				<individual ref="CRT282__" />
				<individual ref="EPL18____" />
				<individual ref="CRT57" />
				<individual ref="BDA313" />
				<individual ref="EPL14____" />
				<individual ref="UAC5122____" />
				<individual ref="AKT106" />
				<individual ref="UMA25" />
				<individual ref="BDA112" />
				<individual ref="BDA152__" />
				<individual ref="AKT236____" />
				<individual ref="UMA387" />
				<individual ref="UMA385___" />
				<individual ref="UMA18" />
				<individual ref="AKT107____" />
				<individual ref="UAC930__" />
				<individual ref="BDA80__" />
				<individual ref="Kik1454" />
				<individual ref="Kik675" />
				<individual ref="Kik1199____" />
			</subset>
			<subset label="2" score="6.33e-01" >
				<individual ref="UMA440" />
				<individual ref="UMA439" />
				<individual ref="UMA40" />
				<individual ref="UMA30" />
				<individual ref="UMA511" />
				<individual ref="EPL20" />
				<individual ref="NDU803" />
			</subset>
			<subset label="3" score="4.16e-02" >
				<individual ref="YK109_____" />
				<individual ref="Y74" />
				<individual ref="YK228" />
				<individual ref="YK213" />
				<individual ref="YK229__" />
				<individual ref="Y21" />
				<individual ref="YK215__" />
				<individual ref="YK247__" />
				<individual ref="YK148" />
				<individual ref="YK195" />
				<individual ref="YK196__" />
				<individual ref="YK208__" />
				<individual ref="YK152" />
				<individual ref="BY5_____" />
				<individual ref="YK192_____" />
				<individual ref="MF577066" />
			</subset>
			<subset label="4" score="5.58e-01" >
				<individual ref="YK120__" />
				<individual ref="YK127__" />
				<individual ref="YK225__" />
				<individual ref="YK110_____" />
				<individual ref="Y9__" />
				<individual ref="YK231__" />
			</subset>
			<subset label="5"  >
				<individual ref="EBO87" />
				<individual ref="YK125" />
			</subset>
			<subset label="6"  >
				<individual ref="YK171" />
			</subset>
		</subsets>
		</spartition>
		<spartition label="Unique_Missing_Overlap.fas_asap_5"  spartitionScore="7.5" spartitionScoreType="Asap-score" subsetScoreType = "p-value"  subsetScoreSource= "ASAP-2025-11-26T20:49:13"  >
		<remarks>Rank of spartition: 5</remarks>
		<subsets>
			<subset label="1" score="8.80e-01" >
				<individual ref="Y54" />
				<individual ref="BY6" />
				<individual ref="Y119____" />
				<individual ref="YK234__" />
				<individual ref="YK37" />
				<individual ref="Y114__" />
				<individual ref="YK129____" />
				<individual ref="YSK27" />
				<individual ref="Y50____" />
				<individual ref="YK50__" />
				<individual ref="CRT644" />
				<individual ref="YK111__" />
				<individual ref="YKX41" />
				<individual ref="YKX40__" />
				<individual ref="YK101" />
				<individual ref="Y122__" />
				<individual ref="YK23" />
				<individual ref="YK33____" />
				<individual ref="EBO314" />
				<individual ref="TLL59__" />
				<individual ref="TLL58" />
				<individual ref="YSK37" />
				<individual ref="YK100" />
				<individual ref="EBO50" />
				<individual ref="EBO245" />
				<individual ref="EBO472" />
				<individual ref="TLL154__" />
				<individual ref="EBO287" />
				<individual ref="YK65" />
			</subset>
			<subset label="2" score="8.33e-01" >
				<individual ref="LIK926" />
				<individual ref="EPL29" />
				<individual ref="UAC922__" />
				<individual ref="UAC933" />
				<individual ref="CRT282__" />
				<individual ref="EPL18____" />
				<individual ref="CRT57" />
				<individual ref="BDA313" />
				<individual ref="EPL14____" />
				<individual ref="UAC5122____" />
				<individual ref="AKT106" />
				<individual ref="UMA25" />
				<individual ref="BDA112" />
				<individual ref="BDA152__" />
				<individual ref="AKT236____" />
				<individual ref="UMA387" />
				<individual ref="UMA385___" />
				<individual ref="UMA18" />
				<individual ref="AKT107____" />
				<individual ref="UAC930__" />
				<individual ref="BDA80__" />
			</subset>
			<subset label="3"  >
				<individual ref="Kik1454" />
				<individual ref="Kik675" />
				<individual ref="Kik1199____" />
			</subset>
			<subset label="4" score="2.35e-01" >
				<individual ref="UMA440" />
				<individual ref="UMA439" />
				<individual ref="UMA40" />
				<individual ref="UMA30" />
				<individual ref="UMA511" />
				<individual ref="EPL20" />
			</subset>
			<subset label="5"  >
				<individual ref="NDU803" />
			</subset>
			<subset label="6" score="9.70e-01" >
				<individual ref="YK109_____" />
				<individual ref="Y74" />
				<individual ref="YK228" />
				<individual ref="YK213" />
				<individual ref="YK229__" />
				<individual ref="Y21" />
				<individual ref="YK215__" />
				<individual ref="YK247__" />
				<individual ref="YK148" />
				<individual ref="YK195" />
				<individual ref="YK196__" />
				<individual ref="YK208__" />
				<individual ref="YK152" />
				<individual ref="BY5_____" />
				<individual ref="YK192_____" />
			</subset>
			<subset label="7"  >
				<individual ref="MF577066" />
			</subset>
			<subset label="8" score="5.58e-01" >
				<individual ref="YK120__" />
				<individual ref="YK127__" />
				<individual ref="YK225__" />
				<individual ref="YK110_____" />
				<individual ref="Y9__" />
				<individual ref="YK231__" />
			</subset>
			<subset label="9"  >
				<individual ref="EBO87" />
				<individual ref="YK125" />
			</subset>
			<subset label="10"  >
				<individual ref="YK171" />
			</subset>
		</subsets>
		</spartition>
		<spartition label="Unique_Missing_Overlap.fas_asap_6"  spartitionScore="8.5" spartitionScoreType="Asap-score" subsetScoreType = "p-value"  subsetScoreSource= "ASAP-2025-11-26T20:49:13"  >
		<remarks>Rank of spartition: 6</remarks>
		<subsets>
			<subset label="1" score="2.27e-01" >
				<individual ref="Y54" />
				<individual ref="BY6" />
				<individual ref="Y119____" />
				<individual ref="YK234__" />
				<individual ref="YK37" />
				<individual ref="Y114__" />
				<individual ref="YK129____" />
				<individual ref="YSK27" />
				<individual ref="Y50____" />
				<individual ref="YK50__" />
				<individual ref="CRT644" />
				<individual ref="YK111__" />
				<individual ref="YKX41" />
				<individual ref="YKX40__" />
				<individual ref="YK101" />
				<individual ref="Y122__" />
				<individual ref="YK23" />
				<individual ref="YK33____" />
				<individual ref="EBO314" />
				<individual ref="TLL59__" />
				<individual ref="TLL58" />
				<individual ref="YSK37" />
				<individual ref="YK100" />
				<individual ref="EBO50" />
				<individual ref="EBO245" />
				<individual ref="EBO472" />
				<individual ref="TLL154__" />
				<individual ref="EBO287" />
				<individual ref="YK65" />
				<individual ref="LIK926" />
				<individual ref="EPL29" />
				<individual ref="UAC922__" />
				<individual ref="UAC933" />
				<individual ref="CRT282__" />
				<individual ref="EPL18____" />
				<individual ref="CRT57" />
				<individual ref="BDA313" />
				<individual ref="EPL14____" />
				<individual ref="UAC5122____" />
				<individual ref="AKT106" />
				<individual ref="UMA25" />
				<individual ref="BDA112" />
				<individual ref="BDA152__" />
				<individual ref="AKT236____" />
				<individual ref="UMA387" />
				<individual ref="UMA385___" />
				<individual ref="UMA18" />
				<individual ref="AKT107____" />
				<individual ref="UAC930__" />
				<individual ref="BDA80__" />
				<individual ref="Kik1454" />
				<individual ref="Kik675" />
				<individual ref="Kik1199____" />
				<individual ref="UMA440" />
				<individual ref="UMA439" />
				<individual ref="UMA40" />
				<individual ref="UMA30" />
				<individual ref="UMA511" />
				<individual ref="EPL20" />
				<individual ref="NDU803" />
			</subset>
			<subset label="2" score="2.23e-01" >
				<individual ref="YK109_____" />
				<individual ref="Y74" />
				<individual ref="YK228" />
				<individual ref="YK213" />
				<individual ref="YK229__" />
				<individual ref="Y21" />
				<individual ref="YK215__" />
				<individual ref="YK247__" />
				<individual ref="YK148" />
				<individual ref="YK195" />
				<individual ref="YK196__" />
				<individual ref="YK208__" />
				<individual ref="YK152" />
				<individual ref="BY5_____" />
				<individual ref="YK192_____" />
				<individual ref="MF577066" />
				<individual ref="YK120__" />
				<individual ref="YK127__" />
				<individual ref="YK225__" />
				<individual ref="YK110_____" />
				<individual ref="Y9__" />
				<individual ref="YK231__" />
			</subset>
			<subset label="3"  >
				<individual ref="EBO87" />
				<individual ref="YK125" />
			</subset>
			<subset label="4"  >
				<individual ref="YK171" />
			</subset>
		</subsets>
		</spartition>
		<spartition label="Unique_Missing_Overlap.fas_asap_7"  spartitionScore="9.5" spartitionScoreType="Asap-score" subsetScoreType = "p-value"  subsetScoreSource= "ASAP-2025-11-26T20:49:13"  >
		<remarks>Rank of spartition: 7</remarks>
		<subsets>
			<subset label="1" score="8.80e-01" >
				<individual ref="Y54" />
				<individual ref="BY6" />
				<individual ref="Y119____" />
				<individual ref="YK234__" />
				<individual ref="YK37" />
				<individual ref="Y114__" />
				<individual ref="YK129____" />
				<individual ref="YSK27" />
				<individual ref="Y50____" />
				<individual ref="YK50__" />
				<individual ref="CRT644" />
				<individual ref="YK111__" />
				<individual ref="YKX41" />
				<individual ref="YKX40__" />
				<individual ref="YK101" />
				<individual ref="Y122__" />
				<individual ref="YK23" />
				<individual ref="YK33____" />
				<individual ref="EBO314" />
				<individual ref="TLL59__" />
				<individual ref="TLL58" />
				<individual ref="YSK37" />
				<individual ref="YK100" />
				<individual ref="EBO50" />
				<individual ref="EBO245" />
				<individual ref="EBO472" />
				<individual ref="TLL154__" />
				<individual ref="EBO287" />
				<individual ref="YK65" />
			</subset>
			<subset label="2" score="8.33e-01" >
				<individual ref="LIK926" />
				<individual ref="EPL29" />
				<individual ref="UAC922__" />
				<individual ref="UAC933" />
				<individual ref="CRT282__" />
				<individual ref="EPL18____" />
				<individual ref="CRT57" />
				<individual ref="BDA313" />
				<individual ref="EPL14____" />
				<individual ref="UAC5122____" />
				<individual ref="AKT106" />
				<individual ref="UMA25" />
				<individual ref="BDA112" />
				<individual ref="BDA152__" />
				<individual ref="AKT236____" />
				<individual ref="UMA387" />
				<individual ref="UMA385___" />
				<individual ref="UMA18" />
				<individual ref="AKT107____" />
				<individual ref="UAC930__" />
				<individual ref="BDA80__" />
			</subset>
			<subset label="3"  >
				<individual ref="Kik1454" />
				<individual ref="Kik675" />
				<individual ref="Kik1199____" />
			</subset>
			<subset label="4" score="6.22e-01" >
				<individual ref="UMA440" />
				<individual ref="UMA439" />
				<individual ref="UMA40" />
				<individual ref="UMA30" />
				<individual ref="UMA511" />
			</subset>
			<subset label="5"  >
				<individual ref="EPL20" />
			</subset>
			<subset label="6"  >
				<individual ref="NDU803" />
			</subset>
			<subset label="7"  >
				<individual ref="YK109_____" />
			</subset>
			<subset label="8" score="9.80e-01" >
				<individual ref="Y74" />
				<individual ref="YK228" />
				<individual ref="YK213" />
				<individual ref="YK229__" />
				<individual ref="Y21" />
				<individual ref="YK215__" />
				<individual ref="YK247__" />
				<individual ref="YK148" />
				<individual ref="YK195" />
				<individual ref="YK196__" />
				<individual ref="YK208__" />
				<individual ref="YK152" />
				<individual ref="BY5_____" />
				<individual ref="YK192_____" />
			</subset>
			<subset label="9"  >
				<individual ref="MF577066" />
			</subset>
			<subset label="10" score="5.58e-01" >
				<individual ref="YK120__" />
				<individual ref="YK127__" />
				<individual ref="YK225__" />
				<individual ref="YK110_____" />
				<individual ref="Y9__" />
				<individual ref="YK231__" />
			</subset>
			<subset label="11"  >
				<individual ref="EBO87" />
				<individual ref="YK125" />
			</subset>
			<subset label="12"  >
				<individual ref="YK171" />
			</subset>
		</subsets>
		</spartition>
		<spartition label="Unique_Missing_Overlap.fas_asap_8"  spartitionScore="9.5" spartitionScoreType="Asap-score" subsetScoreType = "p-value"  subsetScoreSource= "ASAP-2025-11-26T20:49:13"  >
		<remarks>Rank of spartition: 8</remarks>
		<subsets>
			<subset label="1" score="5.33e-02" >
				<individual ref="Y54" />
				<individual ref="BY6" />
				<individual ref="Y119____" />
				<individual ref="YK234__" />
				<individual ref="YK37" />
				<individual ref="Y114__" />
				<individual ref="YK129____" />
				<individual ref="YSK27" />
				<individual ref="Y50____" />
				<individual ref="YK50__" />
				<individual ref="CRT644" />
				<individual ref="YK111__" />
				<individual ref="YKX41" />
				<individual ref="YKX40__" />
				<individual ref="YK101" />
				<individual ref="Y122__" />
				<individual ref="YK23" />
				<individual ref="YK33____" />
				<individual ref="EBO314" />
				<individual ref="TLL59__" />
				<individual ref="TLL58" />
				<individual ref="YSK37" />
				<individual ref="YK100" />
				<individual ref="EBO50" />
				<individual ref="EBO245" />
				<individual ref="EBO472" />
				<individual ref="TLL154__" />
				<individual ref="EBO287" />
				<individual ref="YK65" />
				<individual ref="LIK926" />
				<individual ref="EPL29" />
				<individual ref="UAC922__" />
				<individual ref="UAC933" />
				<individual ref="CRT282__" />
				<individual ref="EPL18____" />
				<individual ref="CRT57" />
				<individual ref="BDA313" />
				<individual ref="EPL14____" />
				<individual ref="UAC5122____" />
				<individual ref="AKT106" />
				<individual ref="UMA25" />
				<individual ref="BDA112" />
				<individual ref="BDA152__" />
				<individual ref="AKT236____" />
				<individual ref="UMA387" />
				<individual ref="UMA385___" />
				<individual ref="UMA18" />
				<individual ref="AKT107____" />
				<individual ref="UAC930__" />
				<individual ref="BDA80__" />
			</subset>
			<subset label="2"  >
				<individual ref="Kik1454" />
				<individual ref="Kik675" />
				<individual ref="Kik1199____" />
			</subset>
			<subset label="3" score="6.33e-01" >
				<individual ref="UMA440" />
				<individual ref="UMA439" />
				<individual ref="UMA40" />
				<individual ref="UMA30" />
				<individual ref="UMA511" />
				<individual ref="EPL20" />
				<individual ref="NDU803" />
			</subset>
			<subset label="4" score="9.70e-01" >
				<individual ref="YK109_____" />
				<individual ref="Y74" />
				<individual ref="YK228" />
				<individual ref="YK213" />
				<individual ref="YK229__" />
				<individual ref="Y21" />
				<individual ref="YK215__" />
				<individual ref="YK247__" />
				<individual ref="YK148" />
				<individual ref="YK195" />
				<individual ref="YK196__" />
				<individual ref="YK208__" />
				<individual ref="YK152" />
				<individual ref="BY5_____" />
				<individual ref="YK192_____" />
			</subset>
			<subset label="5"  >
				<individual ref="MF577066" />
			</subset>
			<subset label="6" score="5.58e-01" >
				<individual ref="YK120__" />
				<individual ref="YK127__" />
				<individual ref="YK225__" />
				<individual ref="YK110_____" />
				<individual ref="Y9__" />
				<individual ref="YK231__" />
			</subset>
			<subset label="7"  >
				<individual ref="EBO87" />
				<individual ref="YK125" />
			</subset>
			<subset label="8"  >
				<individual ref="YK171" />
			</subset>
		</subsets>
		</spartition>
		<spartition label="Unique_Missing_Overlap.fas_asap_9"  spartitionScore="11.5" spartitionScoreType="Asap-score" subsetScoreType = "p-value"  subsetScoreSource= "ASAP-2025-11-26T20:49:13"  >
		<remarks>Rank of spartition: 9</remarks>
		<subsets>
			<subset label="1" score="8.80e-01" >
				<individual ref="Y54" />
				<individual ref="BY6" />
				<individual ref="Y119____" />
				<individual ref="YK234__" />
				<individual ref="YK37" />
				<individual ref="Y114__" />
				<individual ref="YK129____" />
				<individual ref="YSK27" />
				<individual ref="Y50____" />
				<individual ref="YK50__" />
				<individual ref="CRT644" />
				<individual ref="YK111__" />
				<individual ref="YKX41" />
				<individual ref="YKX40__" />
				<individual ref="YK101" />
				<individual ref="Y122__" />
				<individual ref="YK23" />
				<individual ref="YK33____" />
				<individual ref="EBO314" />
				<individual ref="TLL59__" />
				<individual ref="TLL58" />
				<individual ref="YSK37" />
				<individual ref="YK100" />
				<individual ref="EBO50" />
				<individual ref="EBO245" />
				<individual ref="EBO472" />
				<individual ref="TLL154__" />
				<individual ref="EBO287" />
				<individual ref="YK65" />
			</subset>
			<subset label="2" score="8.33e-01" >
				<individual ref="LIK926" />
				<individual ref="EPL29" />
				<individual ref="UAC922__" />
				<individual ref="UAC933" />
				<individual ref="CRT282__" />
				<individual ref="EPL18____" />
				<individual ref="CRT57" />
				<individual ref="BDA313" />
				<individual ref="EPL14____" />
				<individual ref="UAC5122____" />
				<individual ref="AKT106" />
				<individual ref="UMA25" />
				<individual ref="BDA112" />
				<individual ref="BDA152__" />
				<individual ref="AKT236____" />
				<individual ref="UMA387" />
				<individual ref="UMA385___" />
				<individual ref="UMA18" />
				<individual ref="AKT107____" />
				<individual ref="UAC930__" />
				<individual ref="BDA80__" />
			</subset>
			<subset label="3"  >
				<individual ref="Kik1454" />
				<individual ref="Kik675" />
				<individual ref="Kik1199____" />
			</subset>
			<subset label="4" score="2.35e-01" >
				<individual ref="UMA440" />
				<individual ref="UMA439" />
				<individual ref="UMA40" />
				<individual ref="UMA30" />
				<individual ref="UMA511" />
				<individual ref="EPL20" />
			</subset>
			<subset label="5"  >
				<individual ref="NDU803" />
			</subset>
			<subset label="6"  >
				<individual ref="YK109_____" />
			</subset>
			<subset label="7" score="9.80e-01" >
				<individual ref="Y74" />
				<individual ref="YK228" />
				<individual ref="YK213" />
				<individual ref="YK229__" />
				<individual ref="Y21" />
				<individual ref="YK215__" />
				<individual ref="YK247__" />
				<individual ref="YK148" />
				<individual ref="YK195" />
				<individual ref="YK196__" />
				<individual ref="YK208__" />
				<individual ref="YK152" />
				<individual ref="BY5_____" />
				<individual ref="YK192_____" />
			</subset>
			<subset label="8"  >
				<individual ref="MF577066" />
			</subset>
			<subset label="9" score="5.58e-01" >
				<individual ref="YK120__" />
				<individual ref="YK127__" />
				<individual ref="YK225__" />
				<individual ref="YK110_____" />
				<individual ref="Y9__" />
				<individual ref="YK231__" />
			</subset>
			<subset label="10"  >
				<individual ref="EBO87" />
				<individual ref="YK125" />
			</subset>
			<subset label="11"  >
				<individual ref="YK171" />
			</subset>
		</subsets>
		</spartition>
		<spartition label="Unique_Missing_Overlap.fas_asap_10"  spartitionScore="12.0" spartitionScoreType="Asap-score" subsetScoreType = "p-value"  subsetScoreSource= "ASAP-2025-11-26T20:49:13"  >
		<remarks>Rank of spartition: 10</remarks>
		<subsets>
			<subset label="1" score="9.66e-01" >
				<individual ref="Y54" />
				<individual ref="BY6" />
				<individual ref="Y119____" />
				<individual ref="YK234__" />
				<individual ref="YK37" />
				<individual ref="Y114__" />
				<individual ref="YK129____" />
				<individual ref="YSK27" />
				<individual ref="Y50____" />
				<individual ref="YK50__" />
				<individual ref="CRT644" />
				<individual ref="YK111__" />
				<individual ref="YKX41" />
				<individual ref="YKX40__" />
				<individual ref="YK101" />
				<individual ref="Y122__" />
				<individual ref="YK23" />
				<individual ref="YK33____" />
				<individual ref="EBO314" />
				<individual ref="TLL59__" />
				<individual ref="TLL58" />
				<individual ref="YSK37" />
				<individual ref="YK100" />
				<individual ref="EBO50" />
				<individual ref="EBO245" />
				<individual ref="EBO472" />
				<individual ref="TLL154__" />
			</subset>
			<subset label="2"  >
				<individual ref="EBO287" />
			</subset>
			<subset label="3"  >
				<individual ref="YK65" />
			</subset>
			<subset label="4" score="9.78e-01" >
				<individual ref="LIK926" />
				<individual ref="EPL29" />
				<individual ref="UAC922__" />
				<individual ref="UAC933" />
				<individual ref="CRT282__" />
				<individual ref="EPL18____" />
				<individual ref="CRT57" />
				<individual ref="BDA313" />
				<individual ref="EPL14____" />
				<individual ref="UAC5122____" />
				<individual ref="AKT106" />
				<individual ref="UMA25" />
				<individual ref="BDA112" />
				<individual ref="BDA152__" />
				<individual ref="AKT236____" />
				<individual ref="UMA387" />
				<individual ref="UMA385___" />
				<individual ref="UMA18" />
				<individual ref="AKT107____" />
				<individual ref="UAC930__" />
			</subset>
			<subset label="5"  >
				<individual ref="BDA80__" />
			</subset>
			<subset label="6"  >
				<individual ref="Kik1454" />
				<individual ref="Kik675" />
				<individual ref="Kik1199____" />
			</subset>
			<subset label="7" score="6.22e-01" >
				<individual ref="UMA440" />
				<individual ref="UMA439" />
				<individual ref="UMA40" />
				<individual ref="UMA30" />
				<individual ref="UMA511" />
			</subset>
			<subset label="8"  >
				<individual ref="EPL20" />
			</subset>
			<subset label="9"  >
				<individual ref="NDU803" />
			</subset>
			<subset label="10"  >
				<individual ref="YK109_____" />
			</subset>
			<subset label="11" score="9.16e-01" >
				<individual ref="Y74" />
				<individual ref="YK228" />
				<individual ref="YK213" />
				<individual ref="YK229__" />
				<individual ref="Y21" />
				<individual ref="YK215__" />
				<individual ref="YK247__" />
				<individual ref="YK148" />
				<individual ref="YK195" />
			</subset>
			<subset label="12"  >
				<individual ref="YK196__" />
				<individual ref="YK208__" />
			</subset>
			<subset label="13"  >
				<individual ref="YK152" />
			</subset>
			<subset label="14"  >
				<individual ref="BY5_____" />
			</subset>
			<subset label="15"  >
				<individual ref="YK192_____" />
			</subset>
			<subset label="16"  >
				<individual ref="MF577066" />
			</subset>
			<subset label="17"  >
				<individual ref="YK120__" />
				<individual ref="YK127__" />
				<individual ref="YK225__" />
			</subset>
			<subset label="18"  >
				<individual ref="YK110_____" />
				<individual ref="Y9__" />
				<individual ref="YK231__" />
			</subset>
			<subset label="19"  >
				<individual ref="EBO87" />
			</subset>
			<subset label="20"  >
				<individual ref="YK125" />
			</subset>
			<subset label="21"  >
				<individual ref="YK171" />
			</subset>
		</subsets>
		</spartition>
	</spartitions>
</root>
